{
    "delta0": -1960219730.9964836,
    "delta1": -1946179150.7089016,
    "delta10": -1946175446.5377982,
    "delta100": -1937980801.123668,
    "delta101": -1924747935.042406,
    "delta102": -1947565681.4085515,
    "delta103": -1932998098.1464455,
    "delta104": -1950683671.078199,
    "delta105": -1932691233.7735202,
    "delta106": -1943470586.4057148,
    "delta107": -1935235152.6418853,
    "delta108": -1922697090.8336937,
    "delta109": -1929665494.630217,
    "delta11": -1930284479.9651299,
    "delta110": -1941801021.4257636,
    "delta111": -1945353036.8645375,
    "delta112": -1923889536.8182428,
    "delta113": -1927487578.6890154,
    "delta114": -1943891364.6992416,
    "delta115": -1927802795.8562808,
    "delta116": -1937095944.2280812,
    "delta117": -1942850008.950375,
    "delta118": -1949774371.578205,
    "delta119": -1820902644.135899,
    "delta12": -1934974945.0112143,
    "delta120": -1940432971.8165307,
    "delta121": -1937227138.6958802,
    "delta122": -1929763143.2434542,
    "delta123": -1925133829.5161548,
    "delta124": -1930735456.0264027,
    "delta125": -1936439763.6981215,
    "delta126": -1938838470.2248352,
    "delta13": -1927461591.357252,
    "delta14": -1937859768.6483207,
    "delta15": -1935550488.395129,
    "delta16": -1933081345.13805,
    "delta17": -1945929878.6630337,
    "delta18": -1951783486.815851,
    "delta19": -1952336174.7797415,
    "delta2": -1942054152.2183225,
    "delta20": -1942119325.0480468,
    "delta21": -1928613644.1774213,
    "delta22": -1926132721.4367743,
    "delta23": -1943990512.2898526,
    "delta24": -1919503045.2108328,
    "delta25": -1937907234.453082,
    "delta26": -1946337461.673832,
    "delta27": -1949516541.0224073,
    "delta28": -1931271552.4034123,
    "delta29": -1961867353.9190416,
    "delta3": -1945817802.8860557,
    "delta30": -1953443092.2295976,
    "delta31": -1949397738.9311087,
    "delta32": -1934463513.353089,
    "delta33": -1932385381.917592,
    "delta34": -1963079752.5041208,
    "delta35": -1937117173.9116764,
    "delta36": -1958790622.054439,
    "delta37": -1940687138.5936987,
    "delta38": -1948824919.5699553,
    "delta39": -1936777418.4643219,
    "delta4": -1950120442.9207447,
    "delta40": -1938937734.5066395,
    "delta41": -1939156933.730496,
    "delta42": -1926802406.8933573,
    "delta43": -1948598419.8802218,
    "delta44": -1938401509.4070768,
    "delta45": -2256008655.181618,
    "delta46": -1943861751.9688962,
    "delta47": -1953649583.3189132,
    "delta48": -1948762432.8436565,
    "delta49": -1961506489.036559,
    "delta5": -1956909521.5078995,
    "delta50": -1950879415.7235878,
    "delta51": -1934915734.94952,
    "delta52": -1935289602.401034,
    "delta53": -1927919562.9766445,
    "delta54": -1928897196.9754946,
    "delta55": -1950178077.3525279,
    "delta56": -1946189728.797343,
    "delta57": -1933877217.489325,
    "delta58": -1943390347.4286673,
    "delta59": -1932876887.5520918,
    "delta6": -1942687700.831541,
    "delta60": -1951195977.4676614,
    "delta61": -1825667630.3216376,
    "delta62": -1935171562.160654,
    "delta63": -1928600568.41542,
    "delta64": -1945724152.6654828,
    "delta65": -1932244359.6812034,
    "delta66": -1942174987.6023622,
    "delta67": -1921957180.7640984,
    "delta68": -1954790618.4270797,
    "delta69": -1912619827.0799384,
    "delta7": -1931811774.3431218,
    "delta70": -1936728666.6818497,
    "delta71": -1944434398.519155,
    "delta72": -1875819023.7429187,
    "delta73": -1932754104.3384237,
    "delta74": -1927321234.1524303,
    "delta75": -1927263410.5078144,
    "delta76": -1944538177.5874379,
    "delta77": -1930387963.8397083,
    "delta78": -1962285728.0492914,
    "delta79": -1943209052.6221664,
    "delta8": -1937597856.881016,
    "delta80": -1930318990.4148138,
    "delta81": -1937854616.8168266,
    "delta82": -1941378399.7256396,
    "delta83": -1951666937.1864305,
    "delta84": -1956413898.4753418,
    "delta85": -1923543023.1835992,
    "delta86": -1937224072.043295,
    "delta87": -1931596323.2113898,
    "delta88": -1922024785.489781,
    "delta89": -1933500708.219557,
    "delta9": -1935416222.5346699,
    "delta90": -1934390398.1730092,
    "delta91": -1938376564.648707,
    "delta92": -1938915659.1038878,
    "delta93": -1931335493.9829917,
    "delta94": -1932996019.7242506,
    "delta95": -1947011114.4501991,
    "delta96": -1953562891.2275531,
    "delta97": -1944998654.2031796,
    "delta98": -1937504831.6145375,
    "delta99": -1919747384.3394904,
    "jq0q1": 12782426.941452174,
    "jq0q14": 12458706.527563954,
    "jq100q101": 13086068.64158531,
    "jq100q110": 12832851.658184145,
    "jq101q102": 12873297.301870903,
    "jq102q103": 12887338.632470837,
    "jq103q104": 12509945.41393964,
    "jq104q105": 12596774.052275553,
    "jq104q111": 12586163.510113554,
    "jq105q106": 12770853.019077012,
    "jq106q107": 12804409.75672098,
    "jq107q108": 12907812.492430903,
    "jq108q112": 12995002.70483845,
    "jq109q114": 12760464.427221801,
    "jq10q11": 12661821.140463514,
    "jq110q118": 12308506.530467566,
    "jq111q122": 13205769.249105696,
    "jq112q126": 13042466.239857879,
    "jq113q114": 12829439.041838732,
    "jq114q115": 12790136.172011297,
    "jq115q116": 13021858.954591177,
    "jq116q117": 12800365.506532062,
    "jq117q118": 12392468.025504936,
    "jq118q119": 11800340.525270058,
    "jq119q120": 9993996.490376402,
    "jq11q12": 13180764.78094981,
    "jq120q121": 12878355.713200921,
    "jq121q122": 12888640.871455604,
    "jq122q123": 12902326.98020258,
    "jq123q124": 13241509.895011855,
    "jq124q125": 12833366.957530279,
    "jq125q126": 12737633.764598541,
    "jq12q13": 13115193.863384534,
    "jq12q17": 12788606.394504195,
    "jq14q18": 12548165.674975215,
    "jq15q22": 13189448.43639727,
    "jq16q26": 12738339.542511603,
    "jq17q30": 12472102.529442245,
    "jq18q19": 12669941.57309786,
    "jq19q20": 12825815.813188834,
    "jq1q2": 12230921.685779719,
    "jq20q21": 12863881.141337706,
    "jq20q33": 12765625.363593861,
    "jq21q22": 13094187.173438478,
    "jq22q23": 13002825.435003879,
    "jq23q24": 12927231.17059527,
    "jq24q25": 13504397.436214374,
    "jq24q34": 13296141.995985629,
    "jq25q26": 12958245.58046832,
    "jq26q27": 12842693.310862973,
    "jq27q28": 12501043.863513514,
    "jq28q29": 12469176.752076145,
    "jq28q35": 12945117.217000915,
    "jq29q30": 12623168.550389988,
    "jq2q3": 12329862.405284844,
    "jq30q31": 12526662.273560429,
    "jq31q32": 12659893.57894418,
    "jq32q36": 13011429.161999421,
    "jq33q39": 12929817.692549344,
    "jq34q43": 12472965.345238188,
    "jq35q47": 12615349.77847703,
    "jq36q51": 12989861.78343606,
    "jq37q38": 12547498.236000923,
    "jq37q52": 12867529.475155849,
    "jq38q39": 12689806.610181395,
    "jq39q40": 12973058.668249642,
    "jq3q4": 12705786.669536566,
    "jq40q41": 12811792.760254486,
    "jq41q42": 13313999.859134065,
    "jq41q53": 13180300.927054085,
    "jq42q43": 12797190.122055097,
    "jq43q44": 12746605.950210676,
    "jq44q45": 14564189.752717793,
    "jq45q46": 0.0,
    "jq45q54": 13916300.059262356,
    "jq46q47": 12742184.879104683,
    "jq47q48": 12510044.350254716,
    "jq48q49": 12632780.13730991,
    "jq49q50": 12604174.187459912,
    "jq49q55": 12448899.719286894,
    "jq4q15": 12726318.003666287,
    "jq4q5": 12903225.032419259,
    "jq50q51": 12613589.063841108,
    "jq52q56": 12828336.052356197,
    "jq53q60": 12702489.098036923,
    "jq54q64": 12844245.981258841,
    "jq55q68": 12730874.41291362,
    "jq56q57": 12765602.455522688,
    "jq57q58": 12797804.229352733,
    "jq58q59": 13047378.07516326,
    "jq58q71": 12719951.12140343,
    "jq59q60": 12485503.523470242,
    "jq5q6": 12599667.635973401,
    "jq60q61": 12628972.321517702,
    "jq61q62": 7761195.174932789,
    "jq62q63": 9991051.924275799,
    "jq62q72": 8829425.56999905,
    "jq63q64": 12854520.519028898,