{
  "omega": {
    "q0": 0.95371324270853983,
    "q1": 0.8125407307858323,
    "q2": 1.039376041950564,
    "q3": 0.8951192202073989
  },
  "g": {
    "q0q1": 0.011845444218797993,
    "q1q2": 0.01196783968906386,
    "q2q3": 0.01240211395601237,
    "q3q4": 0.012186910370408231
  }
}