{
    "delta0": -1968371407.9075258,
    "delta1": -1966122235.5585954,
    "delta10": -1955499589.0319834,
    "delta100": -1974960586.0511765,
    "delta101": -1951705320.9660702,
    "delta102": -1953643289.1254065,
    "delta103": -1961981444.4856489,
    "delta104": -1961805272.5143576,
    "delta105": -1947265370.7758365,
    "delta106": -1964786158.8816524,
    "delta107": -1931713142.4175725,
    "delta108": -1943821224.3809853,
    "delta109": -1946676082.5015452,
    "delta11": -1959060573.504465,
    "delta110": -1944890014.8082423,
    "delta111": -1945663486.2569435,
    "delta112": -1936981043.3664582,
    "delta113": -1937982084.471395,
    "delta114": -1943660766.6927795,
    "delta115": -1953929631.479165,
    "delta116": -1938494613.778482,
    "delta117": -1953084471.878253,
    "delta118": -1961219951.430168,
    "delta119": -1957216086.7320888,
    "delta12": -1971183486.716567,
    "delta120": -1944942456.2285898,
    "delta121": -1953134318.1259408,
    "delta122": -1957828085.3220057,
    "delta123": -1949746452.4454598,
    "delta124": -1942812251.0863478,
    "delta125": -1933698113.643469,
    "delta126": -1943392628.838162,
    "delta13": -1971529813.5791042,
    "delta14": -1984049136.8849595,
    "delta15": -2013445904.1558661,
    "delta16": -1940445625.681903,
    "delta17": -1957410409.3610787,
    "delta18": -1817474086.3466804,
    "delta19": -1960248800.4826553,
    "delta2": -1955925127.8145037,
    "delta20": -1960163061.4554858,
    "delta21": -1956743639.4129064,
    "delta22": -1968626457.6370597,
    "delta23": -1958711148.0293114,
    "delta24": -1970091660.3196766,
    "delta25": -1961956556.8505018,
    "delta26": -1962120509.8603296,
    "delta27": -1965555753.34762,
    "delta28": -1708170707.803238,
    "delta29": -2037403532.7010622,
    "delta3": -1955034910.7680874,
    "delta30": -1964627285.518569,
    "delta31": -1928975099.2090483,
    "delta32": -1936994409.1314623,
    "delta33": -1971212592.5158188,
    "delta34": -1807651459.3408587,
    "delta35": -1942738152.759127,
    "delta36": -1949566268.890544,
    "delta37": -1981652850.2434533,
    "delta38": -1985095693.577358,
    "delta39": -1973113913.2779393,
    "delta4": -1953727579.7084193,
    "delta40": -1964391907.0247405,
    "delta41": -1964355693.7496102,
    "delta42": -1974725462.3981206,
    "delta43": -1968380053.2460861,
    "delta44": -1950906363.1247876,
    "delta45": -1954392145.882027,
    "delta46": -1968839575.7519596,
    "delta47": -1961933442.6599212,
    "delta48": -1958153448.2876804,
    "delta49": -1954895940.5590565,
    "delta5": -1951344118.7467134,
    "delta50": -1945825291.2376707,
    "delta51": -1953691076.6417744,
    "delta52": -1945259322.470311,
    "delta53": -1951321797.6898384,
    "delta54": -1950370566.1401796,
    "delta55": -1947740987.5046835,
    "delta56": -1998291934.7783065,
    "delta57": -1947884630.7227325,
    "delta58": -1970829979.5729928,
    "delta59": -1949272784.4439068,
    "delta6": -1941854758.1333737,
    "delta60": -1968145092.4289272,
    "delta61": -1947527538.6307597,
    "delta62": -1954027929.6951337,
    "delta63": -1938072149.52744,
    "delta64": -1951003414.825069,
    "delta65": -1951027931.0090299,
    "delta66": -1953598331.3588042,
    "delta67": -1950250464.9270182,
    "delta68": -1959113557.999116,
    "delta69": -1945614027.374986,
    "delta7": -1954095167.5249634,
    "delta70": -1956899692.7223375,
    "delta71": -1948479748.163951,
    "delta72": -1942744765.7650657,
    "delta73": -1949289662.1066597,
    "delta74": -1955942406.7417448,
    "delta75": -1950469738.3491096,
    "delta76": -1966115852.4846888,
    "delta77": -1952758894.3618052,
    "delta78": -1944975169.0546918,
    "delta79": -1957285338.2485259,
    "delta8": -1968805412.9735372,
    "delta80": -1934742572.4729629,
    "delta81": -1940329325.0891662,
    "delta82": -1954269953.108938,
    "delta83": -1969941677.4848204,
    "delta84": -1968853095.158155,
    "delta85": -1960155149.5017629,
    "delta86": -1942367987.3060658,
    "delta87": -1947551801.4973524,
    "delta88": -2005471440.3190186,
    "delta89": -1940453105.1130133,
    "delta9": -1838716928.5946417,
    "delta90": -1949263320.7661204,
    "delta91": -1946747165.237721,
    "delta92": -1950108180.771497,
    "delta93": -1942875815.0082989,
    "delta94": -1961076421.8345249,
    "delta95": -1956231955.6316946,
    "delta96": -1930163445.7970073,
    "delta97": -1939672469.4923086,
    "delta98": -1955922881.9662075,
    "delta99": -1949124866.0821407,
    "jq0q1": 12593486.86553153,
    "jq0q14": 11746571.724034317,
    "jq100q101": 12573260.565883191,
    "jq100q110": 12573753.836631525,
    "jq101q102": 12770192.77709414,
    "jq102q103": 12409687.32859055,
    "jq103q104": 12504495.270833634,
    "jq104q105": 12912056.475434978,
    "jq104q111": 12913622.630203689,
    "jq105q106": 12799000.338625684,
    "jq106q107": 12960578.001621429,
    "jq107q108": 13008378.336177573,
    "jq108q112": 12877418.543892538,
    "jq109q114": 12745454.673724404,
    "jq10q11": 12562872.312434142,
    "jq110q118": 12569636.065768974,
    "jq111q122": 13083164.535500217,
    "jq112q126": 12953175.190580621,
    "jq113q114": 12964643.239247756,
    "jq114q115": 12677519.924702581,
    "jq115q116": 12757661.36816035,
    "jq116q117": 0.0,
    "jq117q118": 0.0,
    "jq118q119": 0.0,
    "jq119q120": 0.0,
    "jq11q12": 12419012.56479959,
    "jq120q121": 13069848.327395065,
    "jq121q122": 12640509.777823232,
    "jq122q123": 12606490.171984823,
    "jq123q124": 12969306.098657241,
    "jq124q125": 13106177.428049173,
    "jq125q126": 12922648.909402378,
    "jq12q13": 11876753.33806254,
    "jq12q17": 12328771.06543132,
    "jq14q18": 11909031.525492659,
    "jq15q22": 12492545.359430216,
    "jq16q26": 13048948.5263753,
    "jq17q30": 12568025.416324737,
    "jq18q19": 11537348.013109565,
    "jq19q20": 12928176.596128916,
    "jq1q2": 12674774.963620922,
    "jq20q21": 12775096.729710031,
    "jq20q33": 12339619.736517344,
    "jq21q22": 12505910.172448585,
    "jq22q23": 12612702.904402725,
    "jq23q24": 12497539.97561283,
    "jq24q25": 12370132.192549977,
    "jq24q34": 12411997.895293368,
    "jq25q26": 12634997.917738635,
    "jq26q27": 12439983.650028948,
    "jq27q28": 11700853.97032837,
    "jq28q29": 14954688.026272038,
    "jq28q35": 9710038.12118948,
    "jq29q30": 12793226.193019444,
    "jq2q3": 12833269.074142247,
    "jq30q31": 12252374.146315247,
    "jq31q32": 13363631.479283856,
    "jq32q36": 13104076.352289727,
    "jq33q39": 12195299.888387661,
    "jq34q43": 13730421.482355755,
    "jq35q47": 12888996.138862398,
    "jq36q51": 12967688.595787074,
    "jq37q38": 12093735.416561712,
    "jq37q52": 12556234.881333113,
    "jq38q39": 11974837.363958085,
    "jq39q40": 12233500.948402854,
    "jq3q4": 12560549.613280889,
    "jq40q41": 12619356.125323107,
    "jq41q42": 12682380.946238773,
    "jq41q53": 12922874.552842641,
    "jq42q43": 12483469.830100846,
    "jq43q44": 12822011.433799578,
    "jq44q45": 12824113.819714423,
    "jq45q46": 12609188.668192986,
    "jq45q54": 12845349.854605988,
    "jq46q47": 12625935.533300957,
    "jq47q48": 12528298.628067557,
    "jq48q49": 12597218.227989672,
    "jq49q50": 12869748.75615237,
    "jq49q55": 12749445.129911149,
    "jq4q15": 12272210.52424339,
    "jq4q5": 12878132.212521508,
    "jq50q51": 12615737.561930422,
    "jq52q56": 12277401.712095506,
    "jq53q60": 12506352.599829637,
    "jq54q64": 12924594.250888092,
    "jq55q68": 12610373.516635487,
    "jq56q57": 12342399.89780846,
    "jq57q58": 12692675.588228608,
    "jq58q59": 12760043.930989599,
    "jq58q71": 12650039.549538074,
    "jq59q60": 12515459.993808724,
    "jq5q6": 12954198.701259568,
    "jq60q61": 12743016.410836324,
    "jq61q62": 12824290.011889651,
    "jq62q63": 13044425.913661715,
    "jq62q72": 12836720.350355454,
    "jq63q64": 13260985.31022435,
    "jq64q65": 12723549.192139657,