{
    "delta0": -1954468017.413441,
    "delta1": -1966824273.9850147,
    "delta10": 0.0,
    "delta100": -1953985578.3684216,
    "delta101": -1945992616.5293007,
    "delta102": -1958100045.9407604,
    "delta103": 0.0,
    "delta104": -1937965143.6639304,
    "delta105": 0.0,
    "delta106": -1803257671.2815876,
    "delta107": -1935303883.1960955,
    "delta108": 0.0,
    "delta109": -1927378516.163005,
    "delta11": -1959587335.1032052,
    "delta110": -1936864633.6915772,
    "delta111": -1940280020.0498598,
    "delta112": 0.0,
    "delta113": -1943479038.8849635,
    "delta114": -2256616556.238209,
    "delta115": -2058230216.358813,
    "delta116": -1919481307.2282019,
    "delta117": -1932674292.4391613,
    "delta118": -1939466947.9440184,
    "delta119": -1957188980.9301088,
    "delta12": -1956795018.2302582,
    "delta120": -1961853628.8437035,
    "delta121": -1956166208.364471,
    "delta122": -1938001492.8169737,
    "delta123": -1934169272.510584,
    "delta124": -1938398500.1103306,
    "delta125": -1929903900.5815477,
    "delta126": -1904508979.1877284,
    "delta13": 0.0,
    "delta14": -1932173175.1442616,
    "delta15": -2033137589.8978329,
    "delta16": -1963558083.8787916,
    "delta17": -2024675698.7677803,
    "delta18": -2019912582.8485944,
    "delta19": -1974503346.4858565,
    "delta2": -1943115070.4410417,
    "delta20": -1989236397.4872403,
    "delta21": -1971356077.456767,
    "delta22": -2033049933.9227734,
    "delta23": -2193494993.9040537,
    "delta24": -1947119911.8712902,
    "delta25": -1950732889.0505235,
    "delta26": 0.0,
    "delta27": -1808896350.825264,
    "delta28": -1979988808.4551036,
    "delta29": -1988295584.7158039,
    "delta3": -1579331118.1958067,
    "delta30": -1781668990.0945294,
    "delta31": -1955751935.5469294,
    "delta32": -1965487900.8613591,
    "delta33": 0.0,
    "delta34": 0.0,
    "delta35": -1934957824.1757631,
    "delta36": -1958131093.1226096,
    "delta37": 0.0,
    "delta38": -2107354384.014997,
    "delta39": -1966352059.9432912,
    "delta4": -1602705518.5828466,
    "delta40": -2124300011.120976,
    "delta41": -2169096803.9023623,
    "delta42": -2085590704.7409246,
    "delta43": -2021976805.8535771,
    "delta44": -1712512208.110176,
    "delta45": -1955420111.9945602,
    "delta46": -1950998106.990806,
    "delta47": -1754075733.1954112,
    "delta48": -1955441286.2024555,
    "delta49": -2211852458.439309,
    "delta5": -1762076683.4064937,
    "delta50": -1971356197.9159434,
    "delta51": -1864904165.5136294,
    "delta52": -1793825751.9873135,
    "delta53": -1940975077.213276,
    "delta54": -1966619365.4407077,
    "delta55": -1948207601.3821864,
    "delta56": 0.0,
    "delta57": -1954232965.46576,
    "delta58": -1960499757.1997097,
    "delta59": -1919910704.1405716,
    "delta6": -1952878961.3038552,
    "delta60": -1966795696.0907156,
    "delta61": 0.0,
    "delta62": -1798907030.306959,
    "delta63": -2027225190.2947564,
    "delta64": 0.0,
    "delta65": -1954149271.9680233,
    "delta66": -1824264841.236891,
    "delta67": -1948504288.8131073,
    "delta68": -1955998184.2803423,
    "delta69": -1961179831.1390657,
    "delta7": -1767630439.771172,
    "delta70": -1943844227.856462,
    "delta71": -1941177904.784301,
    "delta72": -1959844971.0560207,
    "delta73": -1922807520.603677,
    "delta74": -1954648156.7977872,
    "delta75": -1748285994.2908072,
    "delta76": -1951287003.2291849,
    "delta77": -1967233478.2632947,
    "delta78": -1970956535.6539545,
    "delta79": -1855136188.057984,
    "delta8": -1602678960.5731537,
    "delta80": 0.0,
    "delta81": -1977232858.9071813,
    "delta82": -1993294453.3084521,
    "delta83": -1950037173.406075,
    "delta84": -1941646051.006681,
    "delta85": -1957511097.6959062,
    "delta86": -2047105067.380442,
    "delta87": 0.0,
    "delta88": -1933081733.7149699,
    "delta89": -1928453189.8160481,
    "delta9": -1868032142.0760608,
    "delta90": -1797381440.4431918,
    "delta91": -1950114855.8924544,
    "delta92": -1930056064.8775082,
    "delta93": 0.0,
    "delta94": -1924250135.589385,
    "delta95": -1970491901.3908584,
    "delta96": 0.0,
    "delta97": -1925560007.7102582,
    "delta98": -1959770857.018177,
    "delta99": -1951807613.0015838,
    "jq0q1": 11967487.176278092,
    "jq0q14": 11433910.724590031,
    "jq100q101": 11926555.723952098,
    "jq100q110": 12128696.558924487,
    "jq101q102": 11790515.967282651,
    "jq102q103": 11576719.292857017,
    "jq103q104": 11698875.362868277,
    "jq104q105": 11220896.44573253,
    "jq104q111": 11796022.413099585,
    "jq105q106": 12866556.293967042,
    "jq106q107": 11649211.067830672,
    "jq107q108": 10684080.580617057,
    "jq108q112": 11152762.297850067,
    "jq109q114": 12401533.584025381,
    "jq10q11": 11454163.880394507,
    "jq110q118": 11851146.792645188,
    "jq111q122": 12051711.418973623,
    "jq112q126": 11926832.973560756,
    "jq113q114": 12081562.471380956,
    "jq114q115": 12181339.081696175,
    "jq115q116": 13142232.977261877,
    "jq116q117": 12542664.9879332,
    "jq117q118": 12131058.674390959,
    "jq118q119": 11886739.216304835,
    "jq119q120": 11342499.069389056,
    "jq11q12": 11471476.570103398,
    "jq120q121": 11669023.495391386,
    "jq121q122": 11434216.88355549,
    "jq122q123": 11698926.925819598,
    "jq123q124": 11954361.372392397,
    "jq124q125": 11687953.222765844,
    "jq125q126": 11570459.182719298,
    "jq12q13": 11279202.187507125,
    "jq12q17": 11368119.418552147,
    "jq14q18": 11349033.617244301,
    "jq15q22": 0.0,
    "jq16q26": 11226150.508006722,
    "jq17q30": 11714023.17648505,
    "jq18q19": 11305440.302331112,
    "jq19q20": 10989144.012228755,
    "jq1q2": 11780820.454052076,
    "jq20q21": 11168818.359551799,
    "jq20q33": 11561114.66275177,
    "jq21q22": 11018431.372558659,
    "jq22q23": 11352662.03222952,
    "jq23q24": 11298790.264599541,
    "jq24q25": 11670360.798801558,
    "jq24q34": 11383422.313744616,
    "jq25q26": 11761174.104998408,
    "jq26q27": 13131278.114405802,
    "jq27q28": 11242431.680158967,
    "jq28q29": 11158526.216042772,
    "jq28q35": 11740383.252347112,
    "jq29q30": 11760907.764167478,
    "jq2q3": 11719455.533938998,
    "jq30q31": 11443375.126960281,
    "jq31q32": 8783543.75099903,
    "jq32q36": 7214433.355361718,
    "jq33q39": 11536813.29689737,
    "jq34q43": 11311023.196570186,
    "jq35q47": 12216284.263174765,
    "jq36q51": 12615513.757844886,
    "jq37q38": 11491954.563980578,
    "jq37q52": 12189379.583097007,
    "jq38q39": 11261764.321247779,
    "jq39q40": 11041487.31515681,
    "jq3q4": 11101220.164555665,
    "jq40q41": 11144686.078296414,
    "jq41q42": 11864081.2271979,
    "jq41q53": 11547266.1479524,
    "jq42q43": 11258114.3323694,
    "jq43q44": 10476272.832884993,
    "jq44q45": 12658548.495278956,
    "jq45q46": 11872200.981308557,
    "jq45q54": 11452923.062470078,
    "jq46q47": 12352640.90547156,
    "jq47q48": 11906062.136314446,
    "jq48q49": 11756307.25046551,
    "jq49q50": 11326898.142850101,
    "jq49q55": 11388978.083160523,
    "jq4q15": 10648663.231822174,
    "jq4q5": 11143204.284445953,
    "jq50q51": 11230944.288465733,
    "jq52q56": 13372127.518667037,
    "jq53q60": 11476951.455137027,
    "jq54q64": 11290934.566217307,
    "jq55q68": 11665862.847508924,
    "jq56q57": 11433798.731108533,
    "jq57q58": 11537280.490543064,
    "jq58q59": 12134699.380082723,
    "jq58q71": 11571245.953428295,
    "jq59q60": 12355995.412587453,
    "jq5q6": 11571226.754246661,
    "jq60q61": 8594129.246625671,
    "jq61q62": 13338148.232074719,
    "jq62q63": 11722135.447820118,
    "jq62q72": 11519601.512609677,
    "jq63q64": 11220353.852882754,
    "jq64q65": 11378310.532707093,
    "jq65q66": 11455010.639686778,
    "jq66q67": 13353987.775051782,
    "jq66q73": 10529594.395077365,
    "jq67q68": 11565630.809649918,
    "jq68q69": 11451130.482911363,
    "jq69q70": 12078642.961869627,