n_layers,model,n_qubits,seed,train_loss,test_loss,acc_train,acc_test,lr,dataset
20,gate,2,0,0.2498307064729781,0.25025545855533227,0.5571428571428572,0.6333333333333333,0.049787785139499066,iris
20,mixed,2,0,0.2495378156584258,0.24954979361483343,0.6428571428571429,0.6666666666666666,0.0003740049284938511,iris
