n_layers,model,n_qubits,seed,train_loss,test_loss,acc_train,acc_test,lr,dataset
5,gate,2,0,0.09205144250459524,0.14461938236419825,0.9066666666666666,0.78,0.028131462516291002,digits_56
5,mixed,2,0,0.10378769970606877,0.09406881731903514,0.8866666666666667,0.91,8.247784721384165e-05,digits_56
