n_layers,model,n_qubits,seed,train_loss,test_loss,acc_train,acc_test,lr,dataset
25,gate,2,0,0.15731804811171715,0.20401602872468885,0.93,0.75,0.011696944622401482,digits_56
25,mixed,2,0,0.10641763742195144,0.12243224662883363,0.9133333333333333,0.88,5.2803415966855696e-05,digits_56
