n_layers,model,n_qubits,seed,train_loss,test_loss,acc_train,acc_test,lr,dataset
15,gate,2,0,0.11676542405020653,0.15738794139041745,0.94,0.86,0.03407060860489519,digits_56
15,mixed,2,0,0.10057257620552738,0.1021268807815963,0.9066666666666666,0.92,0.00016019607519199796,digits_56
