n_layers,model,n_qubits,seed,train_loss,test_loss,acc_train,acc_test,lr,dataset
10,gate,2,0,0.09982038577995768,0.15532869172323063,0.9266666666666666,0.8,0.02750201435679516,digits_56
10,mixed,2,0,0.102900654051632,0.10331863029536859,0.89,0.9,0.00018537626348806468,digits_56
