n_layers,model,n_qubits,seed,train_loss,test_loss,acc_train,acc_test,lr,dataset
20,gate,2,0,0.13953500448714842,0.1852101024036582,0.9433333333333334,0.83,0.025536190539521247,digits_56
20,mixed,2,0,0.12112945327799234,0.1327737139128799,0.89,0.89,0.00015124570371282422,digits_56
