n_layers,model,n_qubits,seed,train_loss,test_loss,acc_train,acc_test,lr,dataset
1,gate,2,0,0.13214542701788914,0.10923074872516408,0.8066666666666666,0.87,0.012623999554761352,digits_56
1,mixed,2,0,0.1951060685663279,0.14269325823660733,0.73,0.86,0.003191651877705451,digits_56
